recordType,type,id,toId,floor,x,y,capacity,baseVelocity,congestionSensitivity,serviceRate,maxSimultaneousServices,length,width,isEscalator,maxConcurrentOccupancy,scannerCount,checkTimePerPerson,hasBannedItem,windowCount,buyTimePerPerson,hasAutoMachine,gateCount,isBidirectional,exitName,connectedStreet,isOneWay,totalExits,lineName,direction,waitCap,hasScreenDoor,nextTrainIn,stepCount
NODE,HALL,HALL_-1_1,,-1,100,100,200,1.2,1,1,1,,,,,,,,,,,,,,,,,,,,,,
NODE,HALL,HALL_-1_2,,-1,100,200,200,1.2,1,1,1,,,,,,,,,,,,,,,,,,,,,,
NODE,HALL,HALL_-1_3,,-1,100,300,200,1.2,1,1,1,,,,,,,,,,,,,,,,,,,,,,
NODE,HALL,HALL_-1_4,,-1,100,400,200,1.2,1,1,1,,,,,,,,,,,,,,,,,,,,,,
NODE,HALL,HALL_-1_5,,-1,100,500,200,1.2,1,1,1,,,,,,,,,,,,,,,,,,,,,,
NODE,SECURITY,SEC_-1_1,,-1,300,100,50,1,1,0.2,1,,,,,3,5,0,,,,,,,,,,,,,,,
NODE,SECURITY,SEC_-1_2,,-1,300,200,50,1,1,0.2,1,,,,,3,5,0,,,,,,,,,,,,,,,
NODE,SECURITY,SEC_-1_3,,-1,300,300,50,1,1,0.2,1,,,,,3,5,0,,,,,,,,,,,,,,,
NODE,SECURITY,SEC_-1_4,,-1,300,400,50,1,1,0.2,1,,,,,3,5,0,,,,,,,,,,,,,,,
NODE,SECURITY,SEC_-1_5,,-1,300,500,50,1,1,0.2,1,,,,,3,5,0,,,,,,,,,,,,,,,
NODE,TICKET,TIC_-1_1,,-1,500,100,40,1,1,0.05,1,,,,,,,,2,20,1,,,,,,,,,,,,
NODE,TICKET,TIC_-1_2,,-1,500,200,40,1,1,0.05,1,,,,,,,,2,20,1,,,,,,,,,,,,
NODE,TICKET,TIC_-1_3,,-1,500,300,40,1,1,0.05,1,,,,,,,,2,20,1,,,,,,,,,,,,
NODE,TICKET,TIC_-1_4,,-1,500,400,40,1,1,0.05,1,,,,,,,,2,20,1,,,,,,,,,,,,
NODE,TICKET,TIC_-1_5,,-1,500,500,40,1,1,0.05,1,,,,,,,,2,20,1,,,,,,,,,,,,
NODE,GATE,GIN_-1_1,,-1,700,100,20,0.8,1,1,1,,,,,,,,,,,4,0,,,,,,,,,,
NODE,GATE,GIN_-1_2,,-1,700,200,20,0.8,1,1,1,,,,,,,,,,,4,0,,,,,,,,,,
NODE,GATE,GIN_-1_3,,-1,700,300,20,0.8,1,1,1,,,,,,,,,,,4,0,,,,,,,,,,
NODE,GATE,GIN_-1_4,,-1,700,400,20,0.8,1,1,1,,,,,,,,,,,4,0,,,,,,,,,,
NODE,GATE,GIN_-1_5,,-1,700,500,20,0.8,1,1,1,,,,,,,,,,,4,0,,,,,,,,,,
NODE,STAIR,STAIR_-1_1,,-1,800,200,60,0.8,1.2,1,1,,,,,,,,,,,,,,,,,,,,,,30
NODE,STAIR,STAIR_-1_2,,-1,800,300,60,0.8,1.2,1,1,,,,,,,,,,,,,,,,,,,,,,30
NODE,STAIR,STAIR_-1_3,,-1,800,400,60,0.8,1.2,1,1,,,,,,,,,,,,,,,,,,,,,,30
NODE,PLATFORM,PLAT_-1_1,,-1,900,200,400,1,1,1,1,,,,,,,,,,,,,,,,,Line1,0,400,1,60,
NODE,PLATFORM,PLAT_-1_2,,-1,900,400,400,1,1,1,1,,,,,,,,,,,,,,,,,Line1,1,400,1,60,
NODE,GATE,GOUT_-1_1,,-1,1100,100,20,0.8,1,1,1,,,,,,,,,,,4,0,,,,,,,,,,
NODE,GATE,GOUT_-1_2,,-1,1100,200,20,0.8,1,1,1,,,,,,,,,,,4,0,,,,,,,,,,
NODE,GATE,GOUT_-1_3,,-1,1100,300,20,0.8,1,1,1,,,,,,,,,,,4,0,,,,,,,,,,
NODE,GATE,GOUT_-1_4,,-1,1100,400,20,0.8,1,1,1,,,,,,,,,,,4,0,,,,,,,,,,
NODE,GATE,GOUT_-1_5,,-1,1100,500,20,0.8,1,1,1,,,,,,,,,,,4,0,,,,,,,,,,
NODE,EXIT,EXIT_-1_1,,-1,1300,100,200,1.5,1,1,1,,,,,,,,,,,,,E1, ֽ ,1,5,,,,,,
NODE,EXIT,EXIT_-1_2,,-1,1300,200,200,1.5,1,1,1,,,,,,,,,,,,,E2, ֽ ,1,5,,,,,,
NODE,EXIT,EXIT_-1_3,,-1,1300,300,200,1.5,1,1,1,,,,,,,,,,,,,E3, ֽ ,1,5,,,,,,
NODE,EXIT,EXIT_-1_4,,-1,1300,400,200,1.5,1,1,1,,,,,,,,,,,,,E4, ֽ ,1,5,,,,,,
NODE,EXIT,EXIT_-1_5,,-1,1300,500,200,1.5,1,1,1,,,,,,,,,,,,,E5, ֽ ,1,5,,,,,,
NODE,HALL,HALL_1_1,,1,100,100,200,1.2,1,1,1,,,,,,,,,,,,,,,,,,,,,,
NODE,HALL,HALL_1_2,,1,100,200,200,1.2,1,1,1,,,,,,,,,,,,,,,,,,,,,,
NODE,HALL,HALL_1_3,,1,100,300,200,1.2,1,1,1,,,,,,,,,,,,,,,,,,,,,,
NODE,HALL,HALL_1_4,,1,100,400,200,1.2,1,1,1,,,,,,,,,,,,,,,,,,,,,,
NODE,HALL,HALL_1_5,,1,100,500,200,1.2,1,1,1,,,,,,,,,,,,,,,,,,,,,,
NODE,SECURITY,SEC_1_1,,1,300,100,50,1,1,0.2,1,,,,,3,5,0,,,,,,,,,,,,,,,
NODE,SECURITY,SEC_1_2,,1,300,200,50,1,1,0.2,1,,,,,3,5,0,,,,,,,,,,,,,,,
NODE,SECURITY,SEC_1_3,,1,300,300,50,1,1,0.2,1,,,,,3,5,0,,,,,,,,,,,,,,,
NODE,SECURITY,SEC_1_4,,1,300,400,50,1,1,0.2,1,,,,,3,5,0,,,,,,,,,,,,,,,
NODE,SECURITY,SEC_1_5,,1,300,500,50,1,1,0.2,1,,,,,3,5,0,,,,,,,,,,,,,,,
NODE,TICKET,TIC_1_1,,1,500,100,40,1,1,0.05,1,,,,,,,,2,20,1,,,,,,,,,,,,
NODE,TICKET,TIC_1_2,,1,500,200,40,1,1,0.05,1,,,,,,,,2,20,1,,,,,,,,,,,,
NODE,TICKET,TIC_1_3,,1,500,300,40,1,1,0.05,1,,,,,,,,2,20,1,,,,,,,,,,,,
NODE,TICKET,TIC_1_4,,1,500,400,40,1,1,0.05,1,,,,,,,,2,20,1,,,,,,,,,,,,
NODE,TICKET,TIC_1_5,,1,500,500,40,1,1,0.05,1,,,,,,,,2,20,1,,,,,,,,,,,,
NODE,GATE,GIN_1_1,,1,700,100,20,0.8,1,1,1,,,,,,,,,,,4,0,,,,,,,,,,
NODE,GATE,GIN_1_2,,1,700,200,20,0.8,1,1,1,,,,,,,,,,,4,0,,,,,,,,,,
NODE,GATE,GIN_1_3,,1,700,300,20,0.8,1,1,1,,,,,,,,,,,4,0,,,,,,,,,,
NODE,GATE,GIN_1_4,,1,700,400,20,0.8,1,1,1,,,,,,,,,,,4,0,,,,,,,,,,
NODE,GATE,GIN_1_5,,1,700,500,20,0.8,1,1,1,,,,,,,,,,,4,0,,,,,,,,,,
NODE,STAIR,STAIR_1_1,,1,800,200,60,0.8,1.2,1,1,,,,,,,,,,,,,,,,,,,,,,30
NODE,STAIR,STAIR_1_2,,1,800,300,60,0.8,1.2,1,1,,,,,,,,,,,,,,,,,,,,,,30
NODE,STAIR,STAIR_1_3,,1,800,400,60,0.8,1.2,1,1,,,,,,,,,,,,,,,,,,,,,,30
NODE,PLATFORM,PLAT_1_1,,1,900,200,400,1,1,1,1,,,,,,,,,,,,,,,,,Line2,0,400,1,60,
NODE,PLATFORM,PLAT_1_2,,1,900,400,400,1,1,1,1,,,,,,,,,,,,,,,,,Line2,1,400,1,60,
NODE,GATE,GOUT_1_1,,1,1100,100,20,0.8,1,1,1,,,,,,,,,,,4,0,,,,,,,,,,
NODE,GATE,GOUT_1_2,,1,1100,200,20,0.8,1,1,1,,,,,,,,,,,4,0,,,,,,,,,,
NODE,GATE,GOUT_1_3,,1,1100,300,20,0.8,1,1,1,,,,,,,,,,,4,0,,,,,,,,,,
NODE,GATE,GOUT_1_4,,1,1100,400,20,0.8,1,1,1,,,,,,,,,,,4,0,,,,,,,,,,
NODE,GATE,GOUT_1_5,,1,1100,500,20,0.8,1,1,1,,,,,,,,,,,4,0,,,,,,,,,,
NODE,EXIT,EXIT_1_1,,1,1300,100,200,1.5,1,1,1,,,,,,,,,,,,,E6, ֵ ,1,5,,,,,,
NODE,EXIT,EXIT_1_2,,1,1300,200,200,1.5,1,1,1,,,,,,,,,,,,,E7, ֵ ,1,5,,,,,,
NODE,EXIT,EXIT_1_3,,1,1300,300,200,1.5,1,1,1,,,,,,,,,,,,,E8, ֵ ,1,5,,,,,,
NODE,EXIT,EXIT_1_4,,1,1300,400,200,1.5,1,1,1,,,,,,,,,,,,,E9, ֵ ,1,5,,,,,,
NODE,EXIT,EXIT_1_5,,1,1300,500,200,1.5,1,1,1,,,,,,,,,,,,,E10, ֵ ,1,5,,,,,,
NODE,HALL,HALL_2_1,,2,100,100,200,1.2,1,1,1,,,,,,,,,,,,,,,,,,,,,,
NODE,HALL,HALL_2_2,,2,100,200,200,1.2,1,1,1,,,,,,,,,,,,,,,,,,,,,,
NODE,HALL,HALL_2_3,,2,100,300,200,1.2,1,1,1,,,,,,,,,,,,,,,,,,,,,,
NODE,HALL,HALL_2_4,,2,100,400,200,1.2,1,1,1,,,,,,,,,,,,,,,,,,,,,,
NODE,HALL,HALL_2_5,,2,100,500,200,1.2,1,1,1,,,,,,,,,,,,,,,,,,,,,,
NODE,SECURITY,SEC_2_1,,2,300,100,50,1,1,0.2,1,,,,,3,5,0,,,,,,,,,,,,,,,
NODE,SECURITY,SEC_2_2,,2,300,200,50,1,1,0.2,1,,,,,3,5,0,,,,,,,,,,,,,,,
NODE,SECURITY,SEC_2_3,,2,300,300,50,1,1,0.2,1,,,,,3,5,0,,,,,,,,,,,,,,,
NODE,SECURITY,SEC_2_4,,2,300,400,50,1,1,0.2,1,,,,,3,5,0,,,,,,,,,,,,,,,
NODE,SECURITY,SEC_2_5,,2,300,500,50,1,1,0.2,1,,,,,3,5,0,,,,,,,,,,,,,,,
NODE,TICKET,TIC_2_1,,2,500,100,40,1,1,0.05,1,,,,,,,,2,20,1,,,,,,,,,,,,
NODE,TICKET,TIC_2_2,,2,500,200,40,1,1,0.05,1,,,,,,,,2,20,1,,,,,,,,,,,,
NODE,TICKET,TIC_2_3,,2,500,300,40,1,1,0.05,1,,,,,,,,2,20,1,,,,,,,,,,,,
NODE,TICKET,TIC_2_4,,2,500,400,40,1,1,0.05,1,,,,,,,,2,20,1,,,,,,,,,,,,
NODE,TICKET,TIC_2_5,,2,500,500,40,1,1,0.05,1,,,,,,,,2,20,1,,,,,,,,,,,,
NODE,GATE,GIN_2_1,,2,700,100,20,0.8,1,1,1,,,,,,,,,,,4,0,,,,,,,,,,
NODE,GATE,GIN_2_2,,2,700,200,20,0.8,1,1,1,,,,,,,,,,,4,0,,,,,,,,,,
NODE,GATE,GIN_2_3,,2,700,300,20,0.8,1,1,1,,,,,,,,,,,4,0,,,,,,,,,,
NODE,GATE,GIN_2_4,,2,700,400,20,0.8,1,1,1,,,,,,,,,,,4,0,,,,,,,,,,
NODE,GATE,GIN_2_5,,2,700,500,20,0.8,1,1,1,,,,,,,,,,,4,0,,,,,,,,,,
NODE,STAIR,STAIR_2_1,,2,800,200,60,0.8,1.2,1,1,,,,,,,,,,,,,,,,,,,,,,30
NODE,STAIR,STAIR_2_2,,2,800,300,60,0.8,1.2,1,1,,,,,,,,,,,,,,,,,,,,,,30
NODE,STAIR,STAIR_2_3,,2,800,400,60,0.8,1.2,1,1,,,,,,,,,,,,,,,,,,,,,,30
NODE,PLATFORM,PLAT_2_1,,2,900,200,400,1,1,1,1,,,,,,,,,,,,,,,,,Line3,0,400,1,60,
NODE,PLATFORM,PLAT_2_2,,2,900,400,400,1,1,1,1,,,,,,,,,,,,,,,,,Line3,1,400,1,60,
NODE,GATE,GOUT_2_1,,2,1100,100,20,0.8,1,1,1,,,,,,,,,,,4,0,,,,,,,,,,
NODE,GATE,GOUT_2_2,,2,1100,200,20,0.8,1,1,1,,,,,,,,,,,4,0,,,,,,,,,,
NODE,GATE,GOUT_2_3,,2,1100,300,20,0.8,1,1,1,,,,,,,,,,,4,0,,,,,,,,,,
NODE,GATE,GOUT_2_4,,2,1100,400,20,0.8,1,1,1,,,,,,,,,,,4,0,,,,,,,,,,
NODE,GATE,GOUT_2_5,,2,1100,500,20,0.8,1,1,1,,,,,,,,,,,4,0,,,,,,,,,,
NODE,EXIT,EXIT_2_1,,2,1300,100,200,1.5,1,1,1,,,,,,,,,,,,,E11,·  ,1,5,,,,,,
NODE,EXIT,EXIT_2_2,,2,1300,200,200,1.5,1,1,1,,,,,,,,,,,,,E12,·  ,1,5,,,,,,
NODE,EXIT,EXIT_2_3,,2,1300,300,200,1.5,1,1,1,,,,,,,,,,,,,E13,·  ,1,5,,,,,,
NODE,EXIT,EXIT_2_4,,2,1300,400,200,1.5,1,1,1,,,,,,,,,,,,,E14,·  ,1,5,,,,,,
NODE,EXIT,EXIT_2_5,,2,1300,500,200,1.5,1,1,1,,,,,,,,,,,,,E15,·  ,1,5,,,,,,
EDGE,EDGE,HALL_-1_1,SEC_-1_1,,,,,,,,,10,2,0,4,,,,,,,,,,,,,,,,,,
EDGE,EDGE,HALL_-1_1,SEC_-1_2,,,,,,,,,10,2,0,4,,,,,,,,,,,,,,,,,,
EDGE,EDGE,HALL_-1_1,SEC_-1_3,,,,,,,,,10,2,0,4,,,,,,,,,,,,,,,,,,
EDGE,EDGE,HALL_-1_1,SEC_-1_4,,,,,,,,,10,2,0,4,,,,,,,,,,,,,,,,,,
EDGE,EDGE,HALL_-1_1,SEC_-1_5,,,,,,,,,10,2,0,4,,,,,,,,,,,,,,,,,,
EDGE,EDGE,HALL_-1_2,SEC_-1_1,,,,,,,,,10,2,0,4,,,,,,,,,,,,,,,,,,
EDGE,EDGE,HALL_-1_2,SEC_-1_2,,,,,,,,,10,2,0,4,,,,,,,,,,,,,,,,,,
EDGE,EDGE,HALL_-1_2,SEC_-1_3,,,,,,,,,10,2,0,4,,,,,,,,,,,,,,,,,,
EDGE,EDGE,HALL_-1_2,SEC_-1_4,,,,,,,,,10,2,0,4,,,,,,,,,,,,,,,,,,
EDGE,EDGE,HALL_-1_2,SEC_-1_5,,,,,,,,,10,2,0,4,,,,,,,,,,,,,,,,,,
EDGE,EDGE,HALL_-1_3,SEC_-1_1,,,,,,,,,10,2,0,4,,,,,,,,,,,,,,,,,,
EDGE,EDGE,HALL_-1_3,SEC_-1_2,,,,,,,,,10,2,0,4,,,,,,,,,,,,,,,,,,
EDGE,EDGE,HALL_-1_3,SEC_-1_3,,,,,,,,,10,2,0,4,,,,,,,,,,,,,,,,,,
EDGE,EDGE,HALL_-1_3,SEC_-1_4,,,,,,,,,10,2,0,4,,,,,,,,,,,,,,,,,,
EDGE,EDGE,HALL_-1_3,SEC_-1_5,,,,,,,,,10,2,0,4,,,,,,,,,,,,,,,,,,
EDGE,EDGE,HALL_-1_4,SEC_-1_1,,,,,,,,,10,2,0,4,,,,,,,,,,,,,,,,,,
EDGE,EDGE,HALL_-1_4,SEC_-1_2,,,,,,,,,10,2,0,4,,,,,,,,,,,,,,,,,,
EDGE,EDGE,HALL_-1_4,SEC_-1_3,,,,,,,,,10,2,0,4,,,,,,,,,,,,,,,,,,
EDGE,EDGE,HALL_-1_4,SEC_-1_4,,,,,,,,,10,2,0,4,,,,,,,,,,,,,,,,,,
EDGE,EDGE,HALL_-1_4,SEC_-1_5,,,,,,,,,10,2,0,4,,,,,,,,,,,,,,,,,,
EDGE,EDGE,HALL_-1_5,SEC_-1_1,,,,,,,,,10,2,0,4,,,,,,,,,,,,,,,,,,
EDGE,EDGE,HALL_-1_5,SEC_-1_2,,,,,,,,,10,2,0,4,,,,,,,,,,,,,,,,,,
EDGE,EDGE,HALL_-1_5,SEC_-1_3,,,,,,,,,10,2,0,4,,,,,,,,,,,,,,,,,,
EDGE,EDGE,HALL_-1_5,SEC_-1_4,,,,,,,,,10,2,0,4,,,,,,,,,,,,,,,,,,
EDGE,EDGE,HALL_-1_5,SEC_-1_5,,,,,,,,,10,2,0,4,,,,,,,,,,,,,,,,,,
EDGE,EDGE,SEC_-1_1,TIC_-1_1,,,,,,,,,10,2,0,4,,,,,,,,,,,,,,,,,,
EDGE,EDGE,SEC_-1_1,TIC_-1_2,,,,,,,,,10,2,0,4,,,,,,,,,,,,,,,,,,
EDGE,EDGE,SEC_-1_1,TIC_-1_3,,,,,,,,,10,2,0,4,,,,,,,,,,,,,,,,,,
EDGE,EDGE,SEC_-1_1,TIC_-1_4,,,,,,,,,10,2,0,4,,,,,,,,,,,,,,,,,,
EDGE,EDGE,SEC_-1_1,TIC_-1_5,,,,,,,,,10,2,0,4,,,,,,,,,,,,,,,,,,
EDGE,EDGE,SEC_-1_2,TIC_-1_1,,,,,,,,,10,2,0,4,,,,,,,,,,,,,,,,,,
EDGE,EDGE,SEC_-1_2,TIC_-1_2,,,,,,,,,10,2,0,4,,,,,,,,,,,,,,,,,,
EDGE,EDGE,SEC_-1_2,TIC_-1_3,,,,,,,,,10,2,0,4,,,,,,,,,,,,,,,,,,
EDGE,EDGE,SEC_-1_2,TIC_-1_4,,,,,,,,,10,2,0,4,,,,,,,,,,,,,,,,,,
EDGE,EDGE,SEC_-1_2,TIC_-1_5,,,,,,,,,10,2,0,4,,,,,,,,,,,,,,,,,,
EDGE,EDGE,SEC_-1_3,TIC_-1_1,,,,,,,,,10,2,0,4,,,,,,,,,,,,,,,,,,
EDGE,EDGE,SEC_-1_3,TIC_-1_2,,,,,,,,,10,2,0,4,,,,,,,,,,,,,,,,,,
EDGE,EDGE,SEC_-1_3,TIC_-1_3,,,,,,,,,10,2,0,4,,,,,,,,,,,,,,,,,,
EDGE,EDGE,SEC_-1_3,TIC_-1_4,,,,,,,,,10,2,0,4,,,,,,,,,,,,,,,,,,
EDGE,EDGE,SEC_-1_3,TIC_-1_5,,,,,,,,,10,2,0,4,,,,,,,,,,,,,,,,,,
EDGE,EDGE,SEC_-1_4,TIC_-1_1,,,,,,,,,10,2,0,4,,,,,,,,,,,,,,,,,,
EDGE,EDGE,SEC_-1_4,TIC_-1_2,,,,,,,,,10,2,0,4,,,,,,,,,,,,,,,,,,
EDGE,EDGE,SEC_-1_4,TIC_-1_3,,,,,,,,,10,2,0,4,,,,,,,,,,,,,,,,,,
EDGE,EDGE,SEC_-1_4,TIC_-1_4,,,,,,,,,10,2,0,4,,,,,,,,,,,,,,,,,,
EDGE,EDGE,SEC_-1_4,TIC_-1_5,,,,,,,,,10,2,0,4,,,,,,,,,,,,,,,,,,
EDGE,EDGE,SEC_-1_5,TIC_-1_1,,,,,,,,,10,2,0,4,,,,,,,,,,,,,,,,,,
EDGE,EDGE,SEC_-1_5,TIC_-1_2,,,,,,,,,10,2,0,4,,,,,,,,,,,,,,,,,,
EDGE,EDGE,SEC_-1_5,TIC_-1_3,,,,,,,,,10,2,0,4,,,,,,,,,,,,,,,,,,
EDGE,EDGE,SEC_-1_5,TIC_-1_4,,,,,,,,,10,2,0,4,,,,,,,,,,,,,,,,,,
EDGE,EDGE,SEC_-1_5,TIC_-1_5,,,,,,,,,10,2,0,4,,,,,,,,,,,,,,,,,,
EDGE,EDGE,TIC_-1_1,GIN_-1_1,,,,,,,,,10,2,0,4,,,,,,,,,,,,,,,,,,
EDGE,EDGE,TIC_-1_1,GIN_-1_2,,,,,,,,,10,2,0,4,,,,,,,,,,,,,,,,,,
EDGE,EDGE,TIC_-1_1,GIN_-1_3,,,,,,,,,10,2,0,4,,,,,,,,,,,,,,,,,,
EDGE,EDGE,TIC_-1_1,GIN_-1_4,,,,,,,,,10,2,0,4,,,,,,,,,,,,,,,,,,
EDGE,EDGE,TIC_-1_1,GIN_-1_5,,,,,,,,,10,2,0,4,,,,,,,,,,,,,,,,,,
EDGE,EDGE,TIC_-1_2,GIN_-1_1,,,,,,,,,10,2,0,4,,,,,,,,,,,,,,,,,,
EDGE,EDGE,TIC_-1_2,GIN_-1_2,,,,,,,,,10,2,0,4,,,,,,,,,,,,,,,,,,
EDGE,EDGE,TIC_-1_2,GIN_-1_3,,,,,,,,,10,2,0,4,,,,,,,,,,,,,,,,,,
EDGE,EDGE,TIC_-1_2,GIN_-1_4,,,,,,,,,10,2,0,4,,,,,,,,,,,,,,,,,,
EDGE,EDGE,TIC_-1_2,GIN_-1_5,,,,,,,,,10,2,0,4,,,,,,,,,,,,,,,,,,
EDGE,EDGE,TIC_-1_3,GIN_-1_1,,,,,,,,,10,2,0,4,,,,,,,,,,,,,,,,,,
EDGE,EDGE,TIC_-1_3,GIN_-1_2,,,,,,,,,10,2,0,4,,,,,,,,,,,,,,,,,,
EDGE,EDGE,TIC_-1_3,GIN_-1_3,,,,,,,,,10,2,0,4,,,,,,,,,,,,,,,,,,
EDGE,EDGE,TIC_-1_3,GIN_-1_4,,,,,,,,,10,2,0,4,,,,,,,,,,,,,,,,,,
EDGE,EDGE,TIC_-1_3,GIN_-1_5,,,,,,,,,10,2,0,4,,,,,,,,,,,,,,,,,,
EDGE,EDGE,TIC_-1_4,GIN_-1_1,,,,,,,,,10,2,0,4,,,,,,,,,,,,,,,,,,
EDGE,EDGE,TIC_-1_4,GIN_-1_2,,,,,,,,,10,2,0,4,,,,,,,,,,,,,,,,,,
EDGE,EDGE,TIC_-1_4,GIN_-1_3,,,,,,,,,10,2,0,4,,,,,,,,,,,,,,,,,,
EDGE,EDGE,TIC_-1_4,GIN_-1_4,,,,,,,,,10,2,0,4,,,,,,,,,,,,,,,,,,
EDGE,EDGE,TIC_-1_4,GIN_-1_5,,,,,,,,,10,2,0,4,,,,,,,,,,,,,,,,,,
EDGE,EDGE,TIC_-1_5,GIN_-1_1,,,,,,,,,10,2,0,4,,,,,,,,,,,,,,,,,,
EDGE,EDGE,TIC_-1_5,GIN_-1_2,,,,,,,,,10,2,0,4,,,,,,,,,,,,,,,,,,
EDGE,EDGE,TIC_-1_5,GIN_-1_3,,,,,,,,,10,2,0,4,,,,,,,,,,,,,,,,,,
EDGE,EDGE,TIC_-1_5,GIN_-1_4,,,,,,,,,10,2,0,4,,,,,,,,,,,,,,,,,,
EDGE,EDGE,TIC_-1_5,GIN_-1_5,,,,,,,,,10,2,0,4,,,,,,,,,,,,,,,,,,
EDGE,EDGE,GIN_-1_1,STAIR_-1_1,,,,,,,,,10,2,0,4,,,,,,,,,,,,,,,,,,
EDGE,EDGE,GIN_-1_1,STAIR_-1_2,,,,,,,,,10,2,0,4,,,,,,,,,,,,,,,,,,
EDGE,EDGE,GIN_-1_1,STAIR_-1_3,,,,,,,,,10,2,0,4,,,,,,,,,,,,,,,,,,
EDGE,EDGE,GIN_-1_2,STAIR_-1_1,,,,,,,,,10,2,0,4,,,,,,,,,,,,,,,,,,
EDGE,EDGE,GIN_-1_2,STAIR_-1_2,,,,,,,,,10,2,0,4,,,,,,,,,,,,,,,,,,
EDGE,EDGE,GIN_-1_2,STAIR_-1_3,,,,,,,,,10,2,0,4,,,,,,,,,,,,,,,,,,
EDGE,EDGE,GIN_-1_3,STAIR_-1_1,,,,,,,,,10,2,0,4,,,,,,,,,,,,,,,,,,
EDGE,EDGE,GIN_-1_3,STAIR_-1_2,,,,,,,,,10,2,0,4,,,,,,,,,,,,,,,,,,
EDGE,EDGE,GIN_-1_3,STAIR_-1_3,,,,,,,,,10,2,0,4,,,,,,,,,,,,,,,,,,
EDGE,EDGE,GIN_-1_4,STAIR_-1_1,,,,,,,,,10,2,0,4,,,,,,,,,,,,,,,,,,
EDGE,EDGE,GIN_-1_4,STAIR_-1_2,,,,,,,,,10,2,0,4,,,,,,,,,,,,,,,,,,
EDGE,EDGE,GIN_-1_4,STAIR_-1_3,,,,,,,,,10,2,0,4,,,,,,,,,,,,,,,,,,
EDGE,EDGE,GIN_-1_5,STAIR_-1_1,,,,,,,,,10,2,0,4,,,,,,,,,,,,,,,,,,
EDGE,EDGE,GIN_-1_5,STAIR_-1_2,,,,,,,,,10,2,0,4,,,,,,,,,,,,,,,,,,
EDGE,EDGE,GIN_-1_5,STAIR_-1_3,,,,,,,,,10,2,0,4,,,,,,,,,,,,,,,,,,
EDGE,EDGE,GIN_-1_1,PLAT_-1_1,,,,,,,,,10,2,0,4,,,,,,,,,,,,,,,,,,
EDGE,EDGE,GIN_-1_1,PLAT_-1_2,,,,,,,,,10,2,0,4,,,,,,,,,,,,,,,,,,
EDGE,EDGE,GIN_-1_2,PLAT_-1_1,,,,,,,,,10,2,0,4,,,,,,,,,,,,,,,,,,
EDGE,EDGE,GIN_-1_2,PLAT_-1_2,,,,,,,,,10,2,0,4,,,,,,,,,,,,,,,,,,
EDGE,EDGE,GIN_-1_3,PLAT_-1_1,,,,,,,,,10,2,0,4,,,,,,,,,,,,,,,,,,
EDGE,EDGE,GIN_-1_3,PLAT_-1_2,,,,,,,,,10,2,0,4,,,,,,,,,,,,,,,,,,
EDGE,EDGE,GIN_-1_4,PLAT_-1_1,,,,,,,,,10,2,0,4,,,,,,,,,,,,,,,,,,
EDGE,EDGE,GIN_-1_4,PLAT_-1_2,,,,,,,,,10,2,0,4,,,,,,,,,,,,,,,,,,
EDGE,EDGE,GIN_-1_5,PLAT_-1_1,,,,,,,,,10,2,0,4,,,,,,,,,,,,,,,,,,
EDGE,EDGE,GIN_-1_5,PLAT_-1_2,,,,,,,,,10,2,0,4,,,,,,,,,,,,,,,,,,
EDGE,EDGE,PLAT_-1_1,GOUT_-1_1,,,,,,,,,10,2,0,4,,,,,,,,,,,,,,,,,,
EDGE,EDGE,PLAT_-1_1,GOUT_-1_2,,,,,,,,,10,2,0,4,,,,,,,,,,,,,,,,,,
EDGE,EDGE,PLAT_-1_1,GOUT_-1_3,,,,,,,,,10,2,0,4,,,,,,,,,,,,,,,,,,
EDGE,EDGE,PLAT_-1_1,GOUT_-1_4,,,,,,,,,10,2,0,4,,,,,,,,,,,,,,,,,,
EDGE,EDGE,PLAT_-1_1,GOUT_-1_5,,,,,,,,,10,2,0,4,,,,,,,,,,,,,,,,,,
EDGE,EDGE,PLAT_-1_2,GOUT_-1_1,,,,,,,,,10,2,0,4,,,,,,,,,,,,,,,,,,
EDGE,EDGE,PLAT_-1_2,GOUT_-1_2,,,,,,,,,10,2,0,4,,,,,,,,,,,,,,,,,,
EDGE,EDGE,PLAT_-1_2,GOUT_-1_3,,,,,,,,,10,2,0,4,,,,,,,,,,,,,,,,,,
EDGE,EDGE,PLAT_-1_2,GOUT_-1_4,,,,,,,,,10,2,0,4,,,,,,,,,,,,,,,,,,
EDGE,EDGE,PLAT_-1_2,GOUT_-1_5,,,,,,,,,10,2,0,4,,,,,,,,,,,,,,,,,,
EDGE,EDGE,GOUT_-1_1,EXIT_-1_1,,,,,,,,,10,2,0,4,,,,,,,,,,,,,,,,,,
EDGE,EDGE,GOUT_-1_1,EXIT_-1_2,,,,,,,,,10,2,0,4,,,,,,,,,,,,,,,,,,
EDGE,EDGE,GOUT_-1_1,EXIT_-1_3,,,,,,,,,10,2,0,4,,,,,,,,,,,,,,,,,,
EDGE,EDGE,GOUT_-1_1,EXIT_-1_4,,,,,,,,,10,2,0,4,,,,,,,,,,,,,,,,,,
EDGE,EDGE,GOUT_-1_1,EXIT_-1_5,,,,,,,,,10,2,0,4,,,,,,,,,,,,,,,,,,
EDGE,EDGE,GOUT_-1_2,EXIT_-1_1,,,,,,,,,10,2,0,4,,,,,,,,,,,,,,,,,,
EDGE,EDGE,GOUT_-1_2,EXIT_-1_2,,,,,,,,,10,2,0,4,,,,,,,,,,,,,,,,,,
EDGE,EDGE,GOUT_-1_2,EXIT_-1_3,,,,,,,,,10,2,0,4,,,,,,,,,,,,,,,,,,
EDGE,EDGE,GOUT_-1_2,EXIT_-1_4,,,,,,,,,10,2,0,4,,,,,,,,,,,,,,,,,,
EDGE,EDGE,GOUT_-1_2,EXIT_-1_5,,,,,,,,,10,2,0,4,,,,,,,,,,,,,,,,,,
EDGE,EDGE,GOUT_-1_3,EXIT_-1_1,,,,,,,,,10,2,0,4,,,,,,,,,,,,,,,,,,
EDGE,EDGE,GOUT_-1_3,EXIT_-1_2,,,,,,,,,10,2,0,4,,,,,,,,,,,,,,,,,,
EDGE,EDGE,GOUT_-1_3,EXIT_-1_3,,,,,,,,,10,2,0,4,,,,,,,,,,,,,,,,,,
EDGE,EDGE,GOUT_-1_3,EXIT_-1_4,,,,,,,,,10,2,0,4,,,,,,,,,,,,,,,,,,
EDGE,EDGE,GOUT_-1_3,EXIT_-1_5,,,,,,,,,10,2,0,4,,,,,,,,,,,,,,,,,,
EDGE,EDGE,GOUT_-1_4,EXIT_-1_1,,,,,,,,,10,2,0,4,,,,,,,,,,,,,,,,,,
EDGE,EDGE,GOUT_-1_4,EXIT_-1_2,,,,,,,,,10,2,0,4,,,,,,,,,,,,,,,,,,
EDGE,EDGE,GOUT_-1_4,EXIT_-1_3,,,,,,,,,10,2,0,4,,,,,,,,,,,,,,,,,,
EDGE,EDGE,GOUT_-1_4,EXIT_-1_4,,,,,,,,,10,2,0,4,,,,,,,,,,,,,,,,,,
EDGE,EDGE,GOUT_-1_4,EXIT_-1_5,,,,,,,,,10,2,0,4,,,,,,,,,,,,,,,,,,
EDGE,EDGE,GOUT_-1_5,EXIT_-1_1,,,,,,,,,10,2,0,4,,,,,,,,,,,,,,,,,,
EDGE,EDGE,GOUT_-1_5,EXIT_-1_2,,,,,,,,,10,2,0,4,,,,,,,,,,,,,,,,,,
EDGE,EDGE,GOUT_-1_5,EXIT_-1_3,,,,,,,,,10,2,0,4,,,,,,,,,,,,,,,,,,
EDGE,EDGE,GOUT_-1_5,EXIT_-1_4,,,,,,,,,10,2,0,4,,,,,,,,,,,,,,,,,,
EDGE,EDGE,GOUT_-1_5,EXIT_-1_5,,,,,,,,,10,2,0,4,,,,,,,,,,,,,,,,,,
EDGE,EDGE,HALL_1_1,SEC_1_1,,,,,,,,,10,2,0,4,,,,,,,,,,,,,,,,,,
EDGE,EDGE,HALL_1_1,SEC_1_2,,,,,,,,,10,2,0,4,,,,,,,,,,,,,,,,,,
EDGE,EDGE,HALL_1_1,SEC_1_3,,,,,,,,,10,2,0,4,,,,,,,,,,,,,,,,,,
EDGE,EDGE,HALL_1_1,SEC_1_4,,,,,,,,,10,2,0,4,,,,,,,,,,,,,,,,,,
EDGE,EDGE,HALL_1_1,SEC_1_5,,,,,,,,,10,2,0,4,,,,,,,,,,,,,,,,,,
EDGE,EDGE,HALL_1_2,SEC_1_1,,,,,,,,,10,2,0,4,,,,,,,,,,,,,,,,,,
EDGE,EDGE,HALL_1_2,SEC_1_2,,,,,,,,,10,2,0,4,,,,,,,,,,,,,,,,,,
EDGE,EDGE,HALL_1_2,SEC_1_3,,,,,,,,,10,2,0,4,,,,,,,,,,,,,,,,,,
EDGE,EDGE,HALL_1_2,SEC_1_4,,,,,,,,,10,2,0,4,,,,,,,,,,,,,,,,,,
EDGE,EDGE,HALL_1_2,SEC_1_5,,,,,,,,,10,2,0,4,,,,,,,,,,,,,,,,,,
EDGE,EDGE,HALL_1_3,SEC_1_1,,,,,,,,,10,2,0,4,,,,,,,,,,,,,,,,,,
EDGE,EDGE,HALL_1_3,SEC_1_2,,,,,,,,,10,2,0,4,,,,,,,,,,,,,,,,,,
EDGE,EDGE,HALL_1_3,SEC_1_3,,,,,,,,,10,2,0,4,,,,,,,,,,,,,,,,,,
EDGE,EDGE,HALL_1_3,SEC_1_4,,,,,,,,,10,2,0,4,,,,,,,,,,,,,,,,,,
EDGE,EDGE,HALL_1_3,SEC_1_5,,,,,,,,,10,2,0,4,,,,,,,,,,,,,,,,,,
EDGE,EDGE,HALL_1_4,SEC_1_1,,,,,,,,,10,2,0,4,,,,,,,,,,,,,,,,,,
EDGE,EDGE,HALL_1_4,SEC_1_2,,,,,,,,,10,2,0,4,,,,,,,,,,,,,,,,,,
EDGE,EDGE,HALL_1_4,SEC_1_3,,,,,,,,,10,2,0,4,,,,,,,,,,,,,,,,,,
EDGE,EDGE,HALL_1_4,SEC_1_4,,,,,,,,,10,2,0,4,,,,,,,,,,,,,,,,,,
EDGE,EDGE,HALL_1_4,SEC_1_5,,,,,,,,,10,2,0,4,,,,,,,,,,,,,,,,,,
EDGE,EDGE,HALL_1_5,SEC_1_1,,,,,,,,,10,2,0,4,,,,,,,,,,,,,,,,,,
EDGE,EDGE,HALL_1_5,SEC_1_2,,,,,,,,,10,2,0,4,,,,,,,,,,,,,,,,,,
EDGE,EDGE,HALL_1_5,SEC_1_3,,,,,,,,,10,2,0,4,,,,,,,,,,,,,,,,,,
EDGE,EDGE,HALL_1_5,SEC_1_4,,,,,,,,,10,2,0,4,,,,,,,,,,,,,,,,,,
EDGE,EDGE,HALL_1_5,SEC_1_5,,,,,,,,,10,2,0,4,,,,,,,,,,,,,,,,,,
EDGE,EDGE,SEC_1_1,TIC_1_1,,,,,,,,,10,2,0,4,,,,,,,,,,,,,,,,,,
EDGE,EDGE,SEC_1_1,TIC_1_2,,,,,,,,,10,2,0,4,,,,,,,,,,,,,,,,,,
EDGE,EDGE,SEC_1_1,TIC_1_3,,,,,,,,,10,2,0,4,,,,,,,,,,,,,,,,,,
EDGE,EDGE,SEC_1_1,TIC_1_4,,,,,,,,,10,2,0,4,,,,,,,,,,,,,,,,,,
EDGE,EDGE,SEC_1_1,TIC_1_5,,,,,,,,,10,2,0,4,,,,,,,,,,,,,,,,,,
EDGE,EDGE,SEC_1_2,TIC_1_1,,,,,,,,,10,2,0,4,,,,,,,,,,,,,,,,,,
EDGE,EDGE,SEC_1_2,TIC_1_2,,,,,,,,,10,2,0,4,,,,,,,,,,,,,,,,,,
EDGE,EDGE,SEC_1_2,TIC_1_3,,,,,,,,,10,2,0,4,,,,,,,,,,,,,,,,,,
EDGE,EDGE,SEC_1_2,TIC_1_4,,,,,,,,,10,2,0,4,,,,,,,,,,,,,,,,,,
EDGE,EDGE,SEC_1_2,TIC_1_5,,,,,,,,,10,2,0,4,,,,,,,,,,,,,,,,,,
EDGE,EDGE,SEC_1_3,TIC_1_1,,,,,,,,,10,2,0,4,,,,,,,,,,,,,,,,,,
EDGE,EDGE,SEC_1_3,TIC_1_2,,,,,,,,,10,2,0,4,,,,,,,,,,,,,,,,,,
EDGE,EDGE,SEC_1_3,TIC_1_3,,,,,,,,,10,2,0,4,,,,,,,,,,,,,,,,,,
EDGE,EDGE,SEC_1_3,TIC_1_4,,,,,,,,,10,2,0,4,,,,,,,,,,,,,,,,,,
EDGE,EDGE,SEC_1_3,TIC_1_5,,,,,,,,,10,2,0,4,,,,,,,,,,,,,,,,,,
EDGE,EDGE,SEC_1_4,TIC_1_1,,,,,,,,,10,2,0,4,,,,,,,,,,,,,,,,,,
EDGE,EDGE,SEC_1_4,TIC_1_2,,,,,,,,,10,2,0,4,,,,,,,,,,,,,,,,,,
EDGE,EDGE,SEC_1_4,TIC_1_3,,,,,,,,,10,2,0,4,,,,,,,,,,,,,,,,,,
EDGE,EDGE,SEC_1_4,TIC_1_4,,,,,,,,,10,2,0,4,,,,,,,,,,,,,,,,,,
EDGE,EDGE,SEC_1_4,TIC_1_5,,,,,,,,,10,2,0,4,,,,,,,,,,,,,,,,,,
EDGE,EDGE,SEC_1_5,TIC_1_1,,,,,,,,,10,2,0,4,,,,,,,,,,,,,,,,,,
EDGE,EDGE,SEC_1_5,TIC_1_2,,,,,,,,,10,2,0,4,,,,,,,,,,,,,,,,,,
EDGE,EDGE,SEC_1_5,TIC_1_3,,,,,,,,,10,2,0,4,,,,,,,,,,,,,,,,,,
EDGE,EDGE,SEC_1_5,TIC_1_4,,,,,,,,,10,2,0,4,,,,,,,,,,,,,,,,,,
EDGE,EDGE,SEC_1_5,TIC_1_5,,,,,,,,,10,2,0,4,,,,,,,,,,,,,,,,,,
EDGE,EDGE,TIC_1_1,GIN_1_1,,,,,,,,,10,2,0,4,,,,,,,,,,,,,,,,,,
EDGE,EDGE,TIC_1_1,GIN_1_2,,,,,,,,,10,2,0,4,,,,,,,,,,,,,,,,,,
EDGE,EDGE,TIC_1_1,GIN_1_3,,,,,,,,,10,2,0,4,,,,,,,,,,,,,,,,,,
EDGE,EDGE,TIC_1_1,GIN_1_4,,,,,,,,,10,2,0,4,,,,,,,,,,,,,,,,,,
EDGE,EDGE,TIC_1_1,GIN_1_5,,,,,,,,,10,2,0,4,,,,,,,,,,,,,,,,,,
EDGE,EDGE,TIC_1_2,GIN_1_1,,,,,,,,,10,2,0,4,,,,,,,,,,,,,,,,,,
EDGE,EDGE,TIC_1_2,GIN_1_2,,,,,,,,,10,2,0,4,,,,,,,,,,,,,,,,,,
EDGE,EDGE,TIC_1_2,GIN_1_3,,,,,,,,,10,2,0,4,,,,,,,,,,,,,,,,,,
EDGE,EDGE,TIC_1_2,GIN_1_4,,,,,,,,,10,2,0,4,,,,,,,,,,,,,,,,,,
EDGE,EDGE,TIC_1_2,GIN_1_5,,,,,,,,,10,2,0,4,,,,,,,,,,,,,,,,,,
EDGE,EDGE,TIC_1_3,GIN_1_1,,,,,,,,,10,2,0,4,,,,,,,,,,,,,,,,,,
EDGE,EDGE,TIC_1_3,GIN_1_2,,,,,,,,,10,2,0,4,,,,,,,,,,,,,,,,,,
EDGE,EDGE,TIC_1_3,GIN_1_3,,,,,,,,,10,2,0,4,,,,,,,,,,,,,,,,,,
EDGE,EDGE,TIC_1_3,GIN_1_4,,,,,,,,,10,2,0,4,,,,,,,,,,,,,,,,,,
EDGE,EDGE,TIC_1_3,GIN_1_5,,,,,,,,,10,2,0,4,,,,,,,,,,,,,,,,,,
EDGE,EDGE,TIC_1_4,GIN_1_1,,,,,,,,,10,2,0,4,,,,,,,,,,,,,,,,,,
EDGE,EDGE,TIC_1_4,GIN_1_2,,,,,,,,,10,2,0,4,,,,,,,,,,,,,,,,,,
EDGE,EDGE,TIC_1_4,GIN_1_3,,,,,,,,,10,2,0,4,,,,,,,,,,,,,,,,,,
EDGE,EDGE,TIC_1_4,GIN_1_4,,,,,,,,,10,2,0,4,,,,,,,,,,,,,,,,,,
EDGE,EDGE,TIC_1_4,GIN_1_5,,,,,,,,,10,2,0,4,,,,,,,,,,,,,,,,,,
EDGE,EDGE,TIC_1_5,GIN_1_1,,,,,,,,,10,2,0,4,,,,,,,,,,,,,,,,,,
EDGE,EDGE,TIC_1_5,GIN_1_2,,,,,,,,,10,2,0,4,,,,,,,,,,,,,,,,,,
EDGE,EDGE,TIC_1_5,GIN_1_3,,,,,,,,,10,2,0,4,,,,,,,,,,,,,,,,,,
EDGE,EDGE,TIC_1_5,GIN_1_4,,,,,,,,,10,2,0,4,,,,,,,,,,,,,,,,,,
EDGE,EDGE,TIC_1_5,GIN_1_5,,,,,,,,,10,2,0,4,,,,,,,,,,,,,,,,,,
EDGE,EDGE,GIN_1_1,STAIR_1_1,,,,,,,,,10,2,0,4,,,,,,,,,,,,,,,,,,
EDGE,EDGE,GIN_1_1,STAIR_1_2,,,,,,,,,10,2,0,4,,,,,,,,,,,,,,,,,,
EDGE,EDGE,GIN_1_1,STAIR_1_3,,,,,,,,,10,2,0,4,,,,,,,,,,,,,,,,,,
EDGE,EDGE,GIN_1_2,STAIR_1_1,,,,,,,,,10,2,0,4,,,,,,,,,,,,,,,,,,
EDGE,EDGE,GIN_1_2,STAIR_1_2,,,,,,,,,10,2,0,4,,,,,,,,,,,,,,,,,,
EDGE,EDGE,GIN_1_2,STAIR_1_3,,,,,,,,,10,2,0,4,,,,,,,,,,,,,,,,,,
EDGE,EDGE,GIN_1_3,STAIR_1_1,,,,,,,,,10,2,0,4,,,,,,,,,,,,,,,,,,
EDGE,EDGE,GIN_1_3,STAIR_1_2,,,,,,,,,10,2,0,4,,,,,,,,,,,,,,,,,,
EDGE,EDGE,GIN_1_3,STAIR_1_3,,,,,,,,,10,2,0,4,,,,,,,,,,,,,,,,,,
EDGE,EDGE,GIN_1_4,STAIR_1_1,,,,,,,,,10,2,0,4,,,,,,,,,,,,,,,,,,
EDGE,EDGE,GIN_1_4,STAIR_1_2,,,,,,,,,10,2,0,4,,,,,,,,,,,,,,,,,,
EDGE,EDGE,GIN_1_4,STAIR_1_3,,,,,,,,,10,2,0,4,,,,,,,,,,,,,,,,,,
EDGE,EDGE,GIN_1_5,STAIR_1_1,,,,,,,,,10,2,0,4,,,,,,,,,,,,,,,,,,
EDGE,EDGE,GIN_1_5,STAIR_1_2,,,,,,,,,10,2,0,4,,,,,,,,,,,,,,,,,,
EDGE,EDGE,GIN_1_5,STAIR_1_3,,,,,,,,,10,2,0,4,,,,,,,,,,,,,,,,,,
EDGE,EDGE,GIN_1_1,PLAT_1_1,,,,,,,,,10,2,0,4,,,,,,,,,,,,,,,,,,
EDGE,EDGE,GIN_1_1,PLAT_1_2,,,,,,,,,10,2,0,4,,,,,,,,,,,,,,,,,,
EDGE,EDGE,GIN_1_2,PLAT_1_1,,,,,,,,,10,2,0,4,,,,,,,,,,,,,,,,,,
EDGE,EDGE,GIN_1_2,PLAT_1_2,,,,,,,,,10,2,0,4,,,,,,,,,,,,,,,,,,
EDGE,EDGE,GIN_1_3,PLAT_1_1,,,,,,,,,10,2,0,4,,,,,,,,,,,,,,,,,,
EDGE,EDGE,GIN_1_3,PLAT_1_2,,,,,,,,,10,2,0,4,,,,,,,,,,,,,,,,,,
EDGE,EDGE,GIN_1_4,PLAT_1_1,,,,,,,,,10,2,0,4,,,,,,,,,,,,,,,,,,
EDGE,EDGE,GIN_1_4,PLAT_1_2,,,,,,,,,10,2,0,4,,,,,,,,,,,,,,,,,,
EDGE,EDGE,GIN_1_5,PLAT_1_1,,,,,,,,,10,2,0,4,,,,,,,,,,,,,,,,,,
EDGE,EDGE,GIN_1_5,PLAT_1_2,,,,,,,,,10,2,0,4,,,,,,,,,,,,,,,,,,
EDGE,EDGE,PLAT_1_1,GOUT_1_1,,,,,,,,,10,2,0,4,,,,,,,,,,,,,,,,,,
EDGE,EDGE,PLAT_1_1,GOUT_1_2,,,,,,,,,10,2,0,4,,,,,,,,,,,,,,,,,,
EDGE,EDGE,PLAT_1_1,GOUT_1_3,,,,,,,,,10,2,0,4,,,,,,,,,,,,,,,,,,
EDGE,EDGE,PLAT_1_1,GOUT_1_4,,,,,,,,,10,2,0,4,,,,,,,,,,,,,,,,,,
EDGE,EDGE,PLAT_1_1,GOUT_1_5,,,,,,,,,10,2,0,4,,,,,,,,,,,,,,,,,,
EDGE,EDGE,PLAT_1_2,GOUT_1_1,,,,,,,,,10,2,0,4,,,,,,,,,,,,,,,,,,
EDGE,EDGE,PLAT_1_2,GOUT_1_2,,,,,,,,,10,2,0,4,,,,,,,,,,,,,,,,,,
EDGE,EDGE,PLAT_1_2,GOUT_1_3,,,,,,,,,10,2,0,4,,,,,,,,,,,,,,,,,,
EDGE,EDGE,PLAT_1_2,GOUT_1_4,,,,,,,,,10,2,0,4,,,,,,,,,,,,,,,,,,
EDGE,EDGE,PLAT_1_2,GOUT_1_5,,,,,,,,,10,2,0,4,,,,,,,,,,,,,,,,,,
EDGE,EDGE,GOUT_1_1,EXIT_1_1,,,,,,,,,10,2,0,4,,,,,,,,,,,,,,,,,,
EDGE,EDGE,GOUT_1_1,EXIT_1_2,,,,,,,,,10,2,0,4,,,,,,,,,,,,,,,,,,
EDGE,EDGE,GOUT_1_1,EXIT_1_3,,,,,,,,,10,2,0,4,,,,,,,,,,,,,,,,,,
EDGE,EDGE,GOUT_1_1,EXIT_1_4,,,,,,,,,10,2,0,4,,,,,,,,,,,,,,,,,,
EDGE,EDGE,GOUT_1_1,EXIT_1_5,,,,,,,,,10,2,0,4,,,,,,,,,,,,,,,,,,
EDGE,EDGE,GOUT_1_2,EXIT_1_1,,,,,,,,,10,2,0,4,,,,,,,,,,,,,,,,,,
EDGE,EDGE,GOUT_1_2,EXIT_1_2,,,,,,,,,10,2,0,4,,,,,,,,,,,,,,,,,,
EDGE,EDGE,GOUT_1_2,EXIT_1_3,,,,,,,,,10,2,0,4,,,,,,,,,,,,,,,,,,
EDGE,EDGE,GOUT_1_2,EXIT_1_4,,,,,,,,,10,2,0,4,,,,,,,,,,,,,,,,,,
EDGE,EDGE,GOUT_1_2,EXIT_1_5,,,,,,,,,10,2,0,4,,,,,,,,,,,,,,,,,,
EDGE,EDGE,GOUT_1_3,EXIT_1_1,,,,,,,,,10,2,0,4,,,,,,,,,,,,,,,,,,
EDGE,EDGE,GOUT_1_3,EXIT_1_2,,,,,,,,,10,2,0,4,,,,,,,,,,,,,,,,,,
EDGE,EDGE,GOUT_1_3,EXIT_1_3,,,,,,,,,10,2,0,4,,,,,,,,,,,,,,,,,,
EDGE,EDGE,GOUT_1_3,EXIT_1_4,,,,,,,,,10,2,0,4,,,,,,,,,,,,,,,,,,
EDGE,EDGE,GOUT_1_3,EXIT_1_5,,,,,,,,,10,2,0,4,,,,,,,,,,,,,,,,,,
EDGE,EDGE,GOUT_1_4,EXIT_1_1,,,,,,,,,10,2,0,4,,,,,,,,,,,,,,,,,,
EDGE,EDGE,GOUT_1_4,EXIT_1_2,,,,,,,,,10,2,0,4,,,,,,,,,,,,,,,,,,
EDGE,EDGE,GOUT_1_4,EXIT_1_3,,,,,,,,,10,2,0,4,,,,,,,,,,,,,,,,,,
EDGE,EDGE,GOUT_1_4,EXIT_1_4,,,,,,,,,10,2,0,4,,,,,,,,,,,,,,,,,,
EDGE,EDGE,GOUT_1_4,EXIT_1_5,,,,,,,,,10,2,0,4,,,,,,,,,,,,,,,,,,
EDGE,EDGE,GOUT_1_5,EXIT_1_1,,,,,,,,,10,2,0,4,,,,,,,,,,,,,,,,,,
EDGE,EDGE,GOUT_1_5,EXIT_1_2,,,,,,,,,10,2,0,4,,,,,,,,,,,,,,,,,,
EDGE,EDGE,GOUT_1_5,EXIT_1_3,,,,,,,,,10,2,0,4,,,,,,,,,,,,,,,,,,
EDGE,EDGE,GOUT_1_5,EXIT_1_4,,,,,,,,,10,2,0,4,,,,,,,,,,,,,,,,,,
EDGE,EDGE,GOUT_1_5,EXIT_1_5,,,,,,,,,10,2,0,4,,,,,,,,,,,,,,,,,,
EDGE,EDGE,HALL_2_1,SEC_2_1,,,,,,,,,10,2,0,4,,,,,,,,,,,,,,,,,,
EDGE,EDGE,HALL_2_1,SEC_2_2,,,,,,,,,10,2,0,4,,,,,,,,,,,,,,,,,,
EDGE,EDGE,HALL_2_1,SEC_2_3,,,,,,,,,10,2,0,4,,,,,,,,,,,,,,,,,,
EDGE,EDGE,HALL_2_1,SEC_2_4,,,,,,,,,10,2,0,4,,,,,,,,,,,,,,,,,,
EDGE,EDGE,HALL_2_1,SEC_2_5,,,,,,,,,10,2,0,4,,,,,,,,,,,,,,,,,,
EDGE,EDGE,HALL_2_2,SEC_2_1,,,,,,,,,10,2,0,4,,,,,,,,,,,,,,,,,,
EDGE,EDGE,HALL_2_2,SEC_2_2,,,,,,,,,10,2,0,4,,,,,,,,,,,,,,,,,,
EDGE,EDGE,HALL_2_2,SEC_2_3,,,,,,,,,10,2,0,4,,,,,,,,,,,,,,,,,,
EDGE,EDGE,HALL_2_2,SEC_2_4,,,,,,,,,10,2,0,4,,,,,,,,,,,,,,,,,,
EDGE,EDGE,HALL_2_2,SEC_2_5,,,,,,,,,10,2,0,4,,,,,,,,,,,,,,,,,,
EDGE,EDGE,HALL_2_3,SEC_2_1,,,,,,,,,10,2,0,4,,,,,,,,,,,,,,,,,,
EDGE,EDGE,HALL_2_3,SEC_2_2,,,,,,,,,10,2,0,4,,,,,,,,,,,,,,,,,,
EDGE,EDGE,HALL_2_3,SEC_2_3,,,,,,,,,10,2,0,4,,,,,,,,,,,,,,,,,,
EDGE,EDGE,HALL_2_3,SEC_2_4,,,,,,,,,10,2,0,4,,,,,,,,,,,,,,,,,,
EDGE,EDGE,HALL_2_3,SEC_2_5,,,,,,,,,10,2,0,4,,,,,,,,,,,,,,,,,,
EDGE,EDGE,HALL_2_4,SEC_2_1,,,,,,,,,10,2,0,4,,,,,,,,,,,,,,,,,,
EDGE,EDGE,HALL_2_4,SEC_2_2,,,,,,,,,10,2,0,4,,,,,,,,,,,,,,,,,,
EDGE,EDGE,HALL_2_4,SEC_2_3,,,,,,,,,10,2,0,4,,,,,,,,,,,,,,,,,,
EDGE,EDGE,HALL_2_4,SEC_2_4,,,,,,,,,10,2,0,4,,,,,,,,,,,,,,,,,,
EDGE,EDGE,HALL_2_4,SEC_2_5,,,,,,,,,10,2,0,4,,,,,,,,,,,,,,,,,,
EDGE,EDGE,HALL_2_5,SEC_2_1,,,,,,,,,10,2,0,4,,,,,,,,,,,,,,,,,,
EDGE,EDGE,HALL_2_5,SEC_2_2,,,,,,,,,10,2,0,4,,,,,,,,,,,,,,,,,,
EDGE,EDGE,HALL_2_5,SEC_2_3,,,,,,,,,10,2,0,4,,,,,,,,,,,,,,,,,,
EDGE,EDGE,HALL_2_5,SEC_2_4,,,,,,,,,10,2,0,4,,,,,,,,,,,,,,,,,,
EDGE,EDGE,HALL_2_5,SEC_2_5,,,,,,,,,10,2,0,4,,,,,,,,,,,,,,,,,,
EDGE,EDGE,SEC_2_1,TIC_2_1,,,,,,,,,10,2,0,4,,,,,,,,,,,,,,,,,,
EDGE,EDGE,SEC_2_1,TIC_2_2,,,,,,,,,10,2,0,4,,,,,,,,,,,,,,,,,,
EDGE,EDGE,SEC_2_1,TIC_2_3,,,,,,,,,10,2,0,4,,,,,,,,,,,,,,,,,,
EDGE,EDGE,SEC_2_1,TIC_2_4,,,,,,,,,10,2,0,4,,,,,,,,,,,,,,,,,,
EDGE,EDGE,SEC_2_1,TIC_2_5,,,,,,,,,10,2,0,4,,,,,,,,,,,,,,,,,,
EDGE,EDGE,SEC_2_2,TIC_2_1,,,,,,,,,10,2,0,4,,,,,,,,,,,,,,,,,,
EDGE,EDGE,SEC_2_2,TIC_2_2,,,,,,,,,10,2,0,4,,,,,,,,,,,,,,,,,,
EDGE,EDGE,SEC_2_2,TIC_2_3,,,,,,,,,10,2,0,4,,,,,,,,,,,,,,,,,,
EDGE,EDGE,SEC_2_2,TIC_2_4,,,,,,,,,10,2,0,4,,,,,,,,,,,,,,,,,,
EDGE,EDGE,SEC_2_2,TIC_2_5,,,,,,,,,10,2,0,4,,,,,,,,,,,,,,,,,,
EDGE,EDGE,SEC_2_3,TIC_2_1,,,,,,,,,10,2,0,4,,,,,,,,,,,,,,,,,,
EDGE,EDGE,SEC_2_3,TIC_2_2,,,,,,,,,10,2,0,4,,,,,,,,,,,,,,,,,,
EDGE,EDGE,SEC_2_3,TIC_2_3,,,,,,,,,10,2,0,4,,,,,,,,,,,,,,,,,,
EDGE,EDGE,SEC_2_3,TIC_2_4,,,,,,,,,10,2,0,4,,,,,,,,,,,,,,,,,,
EDGE,EDGE,SEC_2_3,TIC_2_5,,,,,,,,,10,2,0,4,,,,,,,,,,,,,,,,,,
EDGE,EDGE,SEC_2_4,TIC_2_1,,,,,,,,,10,2,0,4,,,,,,,,,,,,,,,,,,
EDGE,EDGE,SEC_2_4,TIC_2_2,,,,,,,,,10,2,0,4,,,,,,,,,,,,,,,,,,
EDGE,EDGE,SEC_2_4,TIC_2_3,,,,,,,,,10,2,0,4,,,,,,,,,,,,,,,,,,
EDGE,EDGE,SEC_2_4,TIC_2_4,,,,,,,,,10,2,0,4,,,,,,,,,,,,,,,,,,
EDGE,EDGE,SEC_2_4,TIC_2_5,,,,,,,,,10,2,0,4,,,,,,,,,,,,,,,,,,
EDGE,EDGE,SEC_2_5,TIC_2_1,,,,,,,,,10,2,0,4,,,,,,,,,,,,,,,,,,
EDGE,EDGE,SEC_2_5,TIC_2_2,,,,,,,,,10,2,0,4,,,,,,,,,,,,,,,,,,
EDGE,EDGE,SEC_2_5,TIC_2_3,,,,,,,,,10,2,0,4,,,,,,,,,,,,,,,,,,
EDGE,EDGE,SEC_2_5,TIC_2_4,,,,,,,,,10,2,0,4,,,,,,,,,,,,,,,,,,
EDGE,EDGE,SEC_2_5,TIC_2_5,,,,,,,,,10,2,0,4,,,,,,,,,,,,,,,,,,
EDGE,EDGE,TIC_2_1,GIN_2_1,,,,,,,,,10,2,0,4,,,,,,,,,,,,,,,,,,
EDGE,EDGE,TIC_2_1,GIN_2_2,,,,,,,,,10,2,0,4,,,,,,,,,,,,,,,,,,
EDGE,EDGE,TIC_2_1,GIN_2_3,,,,,,,,,10,2,0,4,,,,,,,,,,,,,,,,,,
EDGE,EDGE,TIC_2_1,GIN_2_4,,,,,,,,,10,2,0,4,,,,,,,,,,,,,,,,,,
EDGE,EDGE,TIC_2_1,GIN_2_5,,,,,,,,,10,2,0,4,,,,,,,,,,,,,,,,,,
EDGE,EDGE,TIC_2_2,GIN_2_1,,,,,,,,,10,2,0,4,,,,,,,,,,,,,,,,,,
EDGE,EDGE,TIC_2_2,GIN_2_2,,,,,,,,,10,2,0,4,,,,,,,,,,,,,,,,,,
EDGE,EDGE,TIC_2_2,GIN_2_3,,,,,,,,,10,2,0,4,,,,,,,,,,,,,,,,,,
EDGE,EDGE,TIC_2_2,GIN_2_4,,,,,,,,,10,2,0,4,,,,,,,,,,,,,,,,,,
EDGE,EDGE,TIC_2_2,GIN_2_5,,,,,,,,,10,2,0,4,,,,,,,,,,,,,,,,,,
EDGE,EDGE,TIC_2_3,GIN_2_1,,,,,,,,,10,2,0,4,,,,,,,,,,,,,,,,,,
EDGE,EDGE,TIC_2_3,GIN_2_2,,,,,,,,,10,2,0,4,,,,,,,,,,,,,,,,,,
EDGE,EDGE,TIC_2_3,GIN_2_3,,,,,,,,,10,2,0,4,,,,,,,,,,,,,,,,,,
EDGE,EDGE,TIC_2_3,GIN_2_4,,,,,,,,,10,2,0,4,,,,,,,,,,,,,,,,,,
EDGE,EDGE,TIC_2_3,GIN_2_5,,,,,,,,,10,2,0,4,,,,,,,,,,,,,,,,,,
EDGE,EDGE,TIC_2_4,GIN_2_1,,,,,,,,,10,2,0,4,,,,,,,,,,,,,,,,,,
EDGE,EDGE,TIC_2_4,GIN_2_2,,,,,,,,,10,2,0,4,,,,,,,,,,,,,,,,,,
EDGE,EDGE,TIC_2_4,GIN_2_3,,,,,,,,,10,2,0,4,,,,,,,,,,,,,,,,,,
EDGE,EDGE,TIC_2_4,GIN_2_4,,,,,,,,,10,2,0,4,,,,,,,,,,,,,,,,,,
EDGE,EDGE,TIC_2_4,GIN_2_5,,,,,,,,,10,2,0,4,,,,,,,,,,,,,,,,,,
EDGE,EDGE,TIC_2_5,GIN_2_1,,,,,,,,,10,2,0,4,,,,,,,,,,,,,,,,,,
EDGE,EDGE,TIC_2_5,GIN_2_2,,,,,,,,,10,2,0,4,,,,,,,,,,,,,,,,,,
EDGE,EDGE,TIC_2_5,GIN_2_3,,,,,,,,,10,2,0,4,,,,,,,,,,,,,,,,,,
EDGE,EDGE,TIC_2_5,GIN_2_4,,,,,,,,,10,2,0,4,,,,,,,,,,,,,,,,,,
EDGE,EDGE,TIC_2_5,GIN_2_5,,,,,,,,,10,2,0,4,,,,,,,,,,,,,,,,,,
EDGE,EDGE,GIN_2_1,STAIR_2_1,,,,,,,,,10,2,0,4,,,,,,,,,,,,,,,,,,
EDGE,EDGE,GIN_2_1,STAIR_2_2,,,,,,,,,10,2,0,4,,,,,,,,,,,,,,,,,,
EDGE,EDGE,GIN_2_1,STAIR_2_3,,,,,,,,,10,2,0,4,,,,,,,,,,,,,,,,,,
EDGE,EDGE,GIN_2_2,STAIR_2_1,,,,,,,,,10,2,0,4,,,,,,,,,,,,,,,,,,
EDGE,EDGE,GIN_2_2,STAIR_2_2,,,,,,,,,10,2,0,4,,,,,,,,,,,,,,,,,,
EDGE,EDGE,GIN_2_2,STAIR_2_3,,,,,,,,,10,2,0,4,,,,,,,,,,,,,,,,,,
EDGE,EDGE,GIN_2_3,STAIR_2_1,,,,,,,,,10,2,0,4,,,,,,,,,,,,,,,,,,
EDGE,EDGE,GIN_2_3,STAIR_2_2,,,,,,,,,10,2,0,4,,,,,,,,,,,,,,,,,,
EDGE,EDGE,GIN_2_3,STAIR_2_3,,,,,,,,,10,2,0,4,,,,,,,,,,,,,,,,,,
EDGE,EDGE,GIN_2_4,STAIR_2_1,,,,,,,,,10,2,0,4,,,,,,,,,,,,,,,,,,
EDGE,EDGE,GIN_2_4,STAIR_2_2,,,,,,,,,10,2,0,4,,,,,,,,,,,,,,,,,,
EDGE,EDGE,GIN_2_4,STAIR_2_3,,,,,,,,,10,2,0,4,,,,,,,,,,,,,,,,,,
EDGE,EDGE,GIN_2_5,STAIR_2_1,,,,,,,,,10,2,0,4,,,,,,,,,,,,,,,,,,
EDGE,EDGE,GIN_2_5,STAIR_2_2,,,,,,,,,10,2,0,4,,,,,,,,,,,,,,,,,,
EDGE,EDGE,GIN_2_5,STAIR_2_3,,,,,,,,,10,2,0,4,,,,,,,,,,,,,,,,,,
EDGE,EDGE,GIN_2_1,PLAT_2_1,,,,,,,,,10,2,0,4,,,,,,,,,,,,,,,,,,
EDGE,EDGE,GIN_2_1,PLAT_2_2,,,,,,,,,10,2,0,4,,,,,,,,,,,,,,,,,,
EDGE,EDGE,GIN_2_2,PLAT_2_1,,,,,,,,,10,2,0,4,,,,,,,,,,,,,,,,,,
EDGE,EDGE,GIN_2_2,PLAT_2_2,,,,,,,,,10,2,0,4,,,,,,,,,,,,,,,,,,
EDGE,EDGE,GIN_2_3,PLAT_2_1,,,,,,,,,10,2,0,4,,,,,,,,,,,,,,,,,,
EDGE,EDGE,GIN_2_3,PLAT_2_2,,,,,,,,,10,2,0,4,,,,,,,,,,,,,,,,,,
EDGE,EDGE,GIN_2_4,PLAT_2_1,,,,,,,,,10,2,0,4,,,,,,,,,,,,,,,,,,
EDGE,EDGE,GIN_2_4,PLAT_2_2,,,,,,,,,10,2,0,4,,,,,,,,,,,,,,,,,,
EDGE,EDGE,GIN_2_5,PLAT_2_1,,,,,,,,,10,2,0,4,,,,,,,,,,,,,,,,,,
EDGE,EDGE,GIN_2_5,PLAT_2_2,,,,,,,,,10,2,0,4,,,,,,,,,,,,,,,,,,
EDGE,EDGE,PLAT_2_1,GOUT_2_1,,,,,,,,,10,2,0,4,,,,,,,,,,,,,,,,,,
EDGE,EDGE,PLAT_2_1,GOUT_2_2,,,,,,,,,10,2,0,4,,,,,,,,,,,,,,,,,,
EDGE,EDGE,PLAT_2_1,GOUT_2_3,,,,,,,,,10,2,0,4,,,,,,,,,,,,,,,,,,
EDGE,EDGE,PLAT_2_1,GOUT_2_4,,,,,,,,,10,2,0,4,,,,,,,,,,,,,,,,,,
EDGE,EDGE,PLAT_2_1,GOUT_2_5,,,,,,,,,10,2,0,4,,,,,,,,,,,,,,,,,,
EDGE,EDGE,PLAT_2_2,GOUT_2_1,,,,,,,,,10,2,0,4,,,,,,,,,,,,,,,,,,
EDGE,EDGE,PLAT_2_2,GOUT_2_2,,,,,,,,,10,2,0,4,,,,,,,,,,,,,,,,,,
EDGE,EDGE,PLAT_2_2,GOUT_2_3,,,,,,,,,10,2,0,4,,,,,,,,,,,,,,,,,,
EDGE,EDGE,PLAT_2_2,GOUT_2_4,,,,,,,,,10,2,0,4,,,,,,,,,,,,,,,,,,
EDGE,EDGE,PLAT_2_2,GOUT_2_5,,,,,,,,,10,2,0,4,,,,,,,,,,,,,,,,,,
EDGE,EDGE,GOUT_2_1,EXIT_2_1,,,,,,,,,10,2,0,4,,,,,,,,,,,,,,,,,,
EDGE,EDGE,GOUT_2_1,EXIT_2_2,,,,,,,,,10,2,0,4,,,,,,,,,,,,,,,,,,
EDGE,EDGE,GOUT_2_1,EXIT_2_3,,,,,,,,,10,2,0,4,,,,,,,,,,,,,,,,,,
EDGE,EDGE,GOUT_2_1,EXIT_2_4,,,,,,,,,10,2,0,4,,,,,,,,,,,,,,,,,,
EDGE,EDGE,GOUT_2_1,EXIT_2_5,,,,,,,,,10,2,0,4,,,,,,,,,,,,,,,,,,
EDGE,EDGE,GOUT_2_2,EXIT_2_1,,,,,,,,,10,2,0,4,,,,,,,,,,,,,,,,,,
EDGE,EDGE,GOUT_2_2,EXIT_2_2,,,,,,,,,10,2,0,4,,,,,,,,,,,,,,,,,,
EDGE,EDGE,GOUT_2_2,EXIT_2_3,,,,,,,,,10,2,0,4,,,,,,,,,,,,,,,,,,
EDGE,EDGE,GOUT_2_2,EXIT_2_4,,,,,,,,,10,2,0,4,,,,,,,,,,,,,,,,,,
EDGE,EDGE,GOUT_2_2,EXIT_2_5,,,,,,,,,10,2,0,4,,,,,,,,,,,,,,,,,,
EDGE,EDGE,GOUT_2_3,EXIT_2_1,,,,,,,,,10,2,0,4,,,,,,,,,,,,,,,,,,
EDGE,EDGE,GOUT_2_3,EXIT_2_2,,,,,,,,,10,2,0,4,,,,,,,,,,,,,,,,,,
EDGE,EDGE,GOUT_2_3,EXIT_2_3,,,,,,,,,10,2,0,4,,,,,,,,,,,,,,,,,,
EDGE,EDGE,GOUT_2_3,EXIT_2_4,,,,,,,,,10,2,0,4,,,,,,,,,,,,,,,,,,
EDGE,EDGE,GOUT_2_3,EXIT_2_5,,,,,,,,,10,2,0,4,,,,,,,,,,,,,,,,,,
EDGE,EDGE,GOUT_2_4,EXIT_2_1,,,,,,,,,10,2,0,4,,,,,,,,,,,,,,,,,,
EDGE,EDGE,GOUT_2_4,EXIT_2_2,,,,,,,,,10,2,0,4,,,,,,,,,,,,,,,,,,
EDGE,EDGE,GOUT_2_4,EXIT_2_3,,,,,,,,,10,2,0,4,,,,,,,,,,,,,,,,,,
EDGE,EDGE,GOUT_2_4,EXIT_2_4,,,,,,,,,10,2,0,4,,,,,,,,,,,,,,,,,,
EDGE,EDGE,GOUT_2_4,EXIT_2_5,,,,,,,,,10,2,0,4,,,,,,,,,,,,,,,,,,
EDGE,EDGE,GOUT_2_5,EXIT_2_1,,,,,,,,,10,2,0,4,,,,,,,,,,,,,,,,,,
EDGE,EDGE,GOUT_2_5,EXIT_2_2,,,,,,,,,10,2,0,4,,,,,,,,,,,,,,,,,,
EDGE,EDGE,GOUT_2_5,EXIT_2_3,,,,,,,,,10,2,0,4,,,,,,,,,,,,,,,,,,
EDGE,EDGE,GOUT_2_5,EXIT_2_4,,,,,,,,,10,2,0,4,,,,,,,,,,,,,,,,,,
EDGE,EDGE,GOUT_2_5,EXIT_2_5,,,,,,,,,10,2,0,4,,,,,,,,,,,,,,,,,,
EDGE,EDGE,STAIR_-1_1,PLAT_1_1,,,,,,,,,20,2,1,4,,,,,,,,,,,,,,,,,,
EDGE,EDGE,STAIR_-1_1,PLAT_1_2,,,,,,,,,20,2,1,4,,,,,,,,,,,,,,,,,,
EDGE,EDGE,STAIR_-1_2,PLAT_1_1,,,,,,,,,20,2,1,4,,,,,,,,,,,,,,,,,,
EDGE,EDGE,STAIR_-1_2,PLAT_1_2,,,,,,,,,20,2,1,4,,,,,,,,,,,,,,,,,,
EDGE,EDGE,STAIR_-1_3,PLAT_1_1,,,,,,,,,20,2,1,4,,,,,,,,,,,,,,,,,,
EDGE,EDGE,STAIR_-1_3,PLAT_1_2,,,,,,,,,20,2,1,4,,,,,,,,,,,,,,,,,,
EDGE,EDGE,STAIR_1_1,PLAT_-1_1,,,,,,,,,20,2,1,4,,,,,,,,,,,,,,,,,,
EDGE,EDGE,STAIR_1_1,PLAT_-1_2,,,,,,,,,20,2,1,4,,,,,,,,,,,,,,,,,,
EDGE,EDGE,STAIR_1_2,PLAT_-1_1,,,,,,,,,20,2,1,4,,,,,,,,,,,,,,,,,,
EDGE,EDGE,STAIR_1_2,PLAT_-1_2,,,,,,,,,20,2,1,4,,,,,,,,,,,,,,,,,,
EDGE,EDGE,STAIR_1_3,PLAT_-1_1,,,,,,,,,20,2,1,4,,,,,,,,,,,,,,,,,,
EDGE,EDGE,STAIR_1_3,PLAT_-1_2,,,,,,,,,20,2,1,4,,,,,,,,,,,,,,,,,,
EDGE,EDGE,STAIR_1_1,PLAT_2_1,,,,,,,,,20,2,1,4,,,,,,,,,,,,,,,,,,
EDGE,EDGE,STAIR_1_1,PLAT_2_2,,,,,,,,,20,2,1,4,,,,,,,,,,,,,,,,,,
EDGE,EDGE,STAIR_1_2,PLAT_2_1,,,,,,,,,20,2,1,4,,,,,,,,,,,,,,,,,,
EDGE,EDGE,STAIR_1_2,PLAT_2_2,,,,,,,,,20,2,1,4,,,,,,,,,,,,,,,,,,
EDGE,EDGE,STAIR_1_3,PLAT_2_1,,,,,,,,,20,2,1,4,,,,,,,,,,,,,,,,,,
EDGE,EDGE,STAIR_1_3,PLAT_2_2,,,,,,,,,20,2,1,4,,,,,,,,,,,,,,,,,,
EDGE,EDGE,STAIR_2_1,PLAT_1_1,,,,,,,,,20,2,1,4,,,,,,,,,,,,,,,,,,
EDGE,EDGE,STAIR_2_1,PLAT_1_2,,,,,,,,,20,2,1,4,,,,,,,,,,,,,,,,,,
EDGE,EDGE,STAIR_2_2,PLAT_1_1,,,,,,,,,20,2,1,4,,,,,,,,,,,,,,,,,,
EDGE,EDGE,STAIR_2_2,PLAT_1_2,,,,,,,,,20,2,1,4,,,,,,,,,,,,,,,,,,
EDGE,EDGE,STAIR_2_3,PLAT_1_1,,,,,,,,,20,2,1,4,,,,,,,,,,,,,,,,,,
EDGE,EDGE,STAIR_2_3,PLAT_1_2,,,,,,,,,20,2,1,4,,,,,,,,,,,,,,,,,,
